﻿<?xml version="1.0" encoding="utf-8"?>
<doc>
  <assembly>
    <name>System.ServiceProcess.ServiceController</name>
  </assembly>
  <members>
    <member name="T:System.ServiceProcess.ServiceController">
      <summary>表示 Windows 服務，可以讓您連接到執行中或已停止的服務進行管理，或取得關於服務的資訊。</summary>
    </member>
    <member name="M:System.ServiceProcess.ServiceController.#ctor(System.String)">
      <summary>初始化 <see cref="T:System.ServiceProcess.ServiceController" /> 類別的新執行個體，這個執行個體與本機電腦上現有的服務相關聯。</summary>
      <param name="name">向系統識別服務的名稱。這也可以是服務的顯示名稱。</param>
      <exception cref="T:System.ArgumentException">
        <paramref name="name" /> is invalid. </exception>
    </member>
    <member name="M:System.ServiceProcess.ServiceController.#ctor(System.String,System.String)">
      <summary>初始化 <see cref="T:System.ServiceProcess.ServiceController" /> 類別的新執行個體，這個執行個體與指定電腦上現有的服務相關聯。</summary>
      <param name="name">向系統識別服務的名稱。這也可以是服務的顯示名稱。</param>
      <param name="machineName">服務所在的電腦。</param>
      <exception cref="T:System.ArgumentException">
        <paramref name="name" /> is invalid.-or- <paramref name="machineName" /> is invalid. </exception>
    </member>
    <member name="P:System.ServiceProcess.ServiceController.CanPauseAndContinue">
      <summary>取得值，表示服務是否可以暫停和繼續。</summary>
      <returns>如果服務可以暫停，則為 true，否則為 false。</returns>
      <exception cref="T:System.ComponentModel.Win32Exception">An error occurred when accessing a system API. </exception>
      <exception cref="T:System.InvalidOperationException">The service was not found.</exception>
      <PermissionSet>
        <IPermission class="System.ServiceProcess.ServiceControllerPermission, System.ServiceProcess, Version=2.0.3600.0, Culture=neutral, PublicKeyToken=b03f5f7f11d50a3a" version="1" Unrestricted="true" />
      </PermissionSet>
    </member>
    <member name="P:System.ServiceProcess.ServiceController.CanShutdown">
      <summary>取得值，表示當系統關閉時是否應該通知服務。</summary>
      <returns>如果當系統關閉時應該通知服務，則為 true，否則為 false。</returns>
      <exception cref="T:System.ComponentModel.Win32Exception">An error occurred when accessing a system API. </exception>
      <exception cref="T:System.InvalidOperationException">The service was not found.</exception>
      <PermissionSet>
        <IPermission class="System.ServiceProcess.ServiceControllerPermission, System.ServiceProcess, Version=2.0.3600.0, Culture=neutral, PublicKeyToken=b03f5f7f11d50a3a" version="1" Unrestricted="true" />
      </PermissionSet>
    </member>
    <member name="P:System.ServiceProcess.ServiceController.CanStop">
      <summary>取得值，表示服務啟動後是否可以停止。</summary>
      <returns>如果可以停止服務並且呼叫 <see cref="M:System.ServiceProcess.ServiceBase.OnStop" /> 方法，則為 true，否則為 false。</returns>
      <exception cref="T:System.ComponentModel.Win32Exception">An error occurred when accessing a system API. </exception>
      <exception cref="T:System.InvalidOperationException">The service was not found.</exception>
      <PermissionSet>
        <IPermission class="System.ServiceProcess.ServiceControllerPermission, System.ServiceProcess, Version=2.0.3600.0, Culture=neutral, PublicKeyToken=b03f5f7f11d50a3a" version="1" Unrestricted="true" />
      </PermissionSet>
    </member>
    <member name="M:System.ServiceProcess.ServiceController.Continue">
      <summary>在服務暫停後繼續進行。</summary>
      <exception cref="T:System.ComponentModel.Win32Exception">An error occurred when accessing a system API. </exception>
      <exception cref="T:System.InvalidOperationException">The service was not found. </exception>
      <PermissionSet>
        <IPermission class="System.ServiceProcess.ServiceControllerPermission, System.ServiceProcess, Version=2.0.3600.0, Culture=neutral, PublicKeyToken=b03f5f7f11d50a3a" version="1" Unrestricted="true" />
      </PermissionSet>
    </member>
    <member name="P:System.ServiceProcess.ServiceController.DependentServices">
      <summary>取得服務集，此服務集依賴與這個 <see cref="T:System.ServiceProcess.ServiceController" /> 執行個體關聯的服務。</summary>
      <returns>
        <see cref="T:System.ServiceProcess.ServiceController" /> 執行個體的陣列，其中每一執行個體都與依賴這項服務的服務相關聯。</returns>
      <exception cref="T:System.ComponentModel.Win32Exception">An error occurred when accessing a system API. </exception>
      <exception cref="T:System.InvalidOperationException">The service was not found.</exception>
      <PermissionSet>
        <IPermission class="System.ServiceProcess.ServiceControllerPermission, System.ServiceProcess, Version=2.0.3600.0, Culture=neutral, PublicKeyToken=b03f5f7f11d50a3a" version="1" Unrestricted="true" />
      </PermissionSet>
    </member>
    <member name="P:System.ServiceProcess.ServiceController.DisplayName">
      <summary>取得或設定服務的易記名稱。</summary>
      <returns>服務的易記名稱，可用來識別服務。</returns>
      <exception cref="T:System.ArgumentNullException">The <see cref="P:System.ServiceProcess.ServiceController.DisplayName" /> is null. </exception>
      <exception cref="T:System.ComponentModel.Win32Exception">An error occurred when accessing a system API. </exception>
      <exception cref="T:System.InvalidOperationException">The service was not found.</exception>
      <PermissionSet>
        <IPermission class="System.Security.Permissions.SecurityPermission, mscorlib, Version=2.0.3600.0, Culture=neutral, PublicKeyToken=b77a5c561934e089" version="1" Flags="UnmanagedCode, ControlEvidence" />
      </PermissionSet>
    </member>
    <member name="M:System.ServiceProcess.ServiceController.Dispose"></member>
    <member name="M:System.ServiceProcess.ServiceController.Dispose(System.Boolean)">
      <summary>釋放 <see cref="T:System.ServiceProcess.ServiceController" /> 所使用的 Unmanaged 資源，並選擇性釋放 Managed 資源。 </summary>
      <param name="disposing">true 表示會同時釋放 Managed 和 Unmanaged 資源，false 則表示只釋放 Unmanaged 資源。</param>
    </member>
    <member name="M:System.ServiceProcess.ServiceController.GetDevices">
      <summary>擷取本機電腦上的裝置驅動程式服務。</summary>
      <returns>
        <see cref="T:System.ServiceProcess.ServiceController" /> 類型的陣列，其中每一項目都與本機電腦上的裝置驅動程式服務相關聯。</returns>
      <exception cref="T:System.ComponentModel.Win32Exception">An error occurred when accessing a system API. </exception>
      <PermissionSet>
        <IPermission class="System.ServiceProcess.ServiceControllerPermission, System.ServiceProcess, Version=2.0.3600.0, Culture=neutral, PublicKeyToken=b03f5f7f11d50a3a" version="1" Unrestricted="true" />
      </PermissionSet>
    </member>
    <member name="M:System.ServiceProcess.ServiceController.GetDevices(System.String)">
      <summary>擷取指定電腦上的裝置驅動程式服務。</summary>
      <returns>
        <see cref="T:System.ServiceProcess.ServiceController" /> 類型的陣列，其中每一項目都與指定電腦上的裝置驅動程式服務相關聯。</returns>
      <param name="machineName">用來擷取裝置驅動程式服務的電腦。</param>
      <exception cref="T:System.ComponentModel.Win32Exception">An error occurred when accessing a system API. </exception>
      <exception cref="T:System.ArgumentException">The <paramref name="machineName" /> parameter has invalid syntax. </exception>
      <PermissionSet>
        <IPermission class="System.ServiceProcess.ServiceControllerPermission, System.ServiceProcess, Version=2.0.3600.0, Culture=neutral, PublicKeyToken=b03f5f7f11d50a3a" version="1" Unrestricted="true" />
      </PermissionSet>
    </member>
    <member name="M:System.ServiceProcess.ServiceController.GetServices">
      <summary>擷取本機電腦上除了裝置驅動程式服務以外的所有服務。</summary>
      <returns>
        <see cref="T:System.ServiceProcess.ServiceController" /> 類型的陣列，其中每一項目都與本機電腦上的服務相關聯。</returns>
      <exception cref="T:System.ComponentModel.Win32Exception">An error occurred when accessing a system API. </exception>
      <PermissionSet>
        <IPermission class="System.ServiceProcess.ServiceControllerPermission, System.ServiceProcess, Version=2.0.3600.0, Culture=neutral, PublicKeyToken=b03f5f7f11d50a3a" version="1" Unrestricted="true" />
      </PermissionSet>
    </member>
    <member name="M:System.ServiceProcess.ServiceController.GetServices(System.String)">
      <summary>擷取指定電腦上除了裝置驅動程式服務以外的所有服務。</summary>
      <returns>
        <see cref="T:System.ServiceProcess.ServiceController" /> 類型的陣列，其中每一項目都與指定電腦上的服務相關聯。</returns>
      <param name="machineName">要從該處擷取服務的電腦。</param>
      <exception cref="T:System.ComponentModel.Win32Exception">An error occurred when accessing a system API. </exception>
      <exception cref="T:System.ArgumentException">The <paramref name="machineName" /> parameter has invalid syntax. </exception>
      <PermissionSet>
        <IPermission class="System.ServiceProcess.ServiceControllerPermission, System.ServiceProcess, Version=2.0.3600.0, Culture=neutral, PublicKeyToken=b03f5f7f11d50a3a" version="1" Unrestricted="true" />
      </PermissionSet>
    </member>
    <member name="P:System.ServiceProcess.ServiceController.MachineName">
      <summary>取得或設定這項服務所在的電腦名稱。</summary>
      <returns>正在執行與這個 <see cref="T:System.ServiceProcess.ServiceController" /> 執行個體相關聯之服務的電腦名稱。預設值是本機電腦 (".")。</returns>
      <exception cref="T:System.ArgumentException">The <see cref="P:System.ServiceProcess.ServiceController.MachineName" /> syntax is invalid. </exception>
    </member>
    <member name="M:System.ServiceProcess.ServiceController.Pause">
      <summary>暫止服務的作業。</summary>
      <exception cref="T:System.ComponentModel.Win32Exception">An error occurred when accessing a system API. </exception>
      <exception cref="T:System.InvalidOperationException">The service was not found. </exception>
      <PermissionSet>
        <IPermission class="System.ServiceProcess.ServiceControllerPermission, System.ServiceProcess, Version=2.0.3600.0, Culture=neutral, PublicKeyToken=b03f5f7f11d50a3a" version="1" Unrestricted="true" />
      </PermissionSet>
    </member>
    <member name="M:System.ServiceProcess.ServiceController.Refresh">
      <summary>將屬性重設為目前的值，以此重新整理屬性值。</summary>
    </member>
    <member name="P:System.ServiceProcess.ServiceController.ServiceHandle">
      <summary>取得服務的控制代碼。</summary>
      <returns>
        <see cref="T:System.Runtime.InteropServices.SafeHandle" />，包含服務的控制代碼。 </returns>
      <exception cref="T:System.InvalidOperationException">The service was not found.</exception>
    </member>
    <member name="P:System.ServiceProcess.ServiceController.ServiceName">
      <summary>取得或設定名稱，識別這個執行個體所參考的服務。</summary>
      <returns>識別這個 <see cref="T:System.ServiceProcess.ServiceController" /> 執行個體所參考服務的名稱。預設為空字串 ("")。</returns>
      <exception cref="T:System.ArgumentNullException">The <see cref="P:System.ServiceProcess.ServiceController.ServiceName" /> is null. </exception>
      <exception cref="T:System.ArgumentException">The syntax of the <see cref="P:System.ServiceProcess.ServiceController.ServiceName" /> property is invalid. </exception>
      <exception cref="T:System.InvalidOperationException">The service was not found.</exception>
      <PermissionSet>
        <IPermission class="System.Security.Permissions.SecurityPermission, mscorlib, Version=2.0.3600.0, Culture=neutral, PublicKeyToken=b77a5c561934e089" version="1" Flags="UnmanagedCode, ControlEvidence" />
      </PermissionSet>
    </member>
    <member name="P:System.ServiceProcess.ServiceController.ServicesDependedOn">
      <summary>這項服務依賴的服務集。</summary>
      <returns>
        <see cref="T:System.ServiceProcess.ServiceController" /> 執行個體的陣列，其中每一執行個體都與必須執行才能讓這項服務執行的服務相關聯。</returns>
      <exception cref="T:System.ComponentModel.Win32Exception">An error occurred when accessing a system API. </exception>
      <exception cref="T:System.InvalidOperationException">The service was not found.</exception>
      <PermissionSet>
        <IPermission class="System.ServiceProcess.ServiceControllerPermission, System.ServiceProcess, Version=2.0.3600.0, Culture=neutral, PublicKeyToken=b03f5f7f11d50a3a" version="1" Unrestricted="true" />
      </PermissionSet>
    </member>
    <member name="P:System.ServiceProcess.ServiceController.ServiceType">
      <summary>取得這個物件所參考的服務類型。</summary>
      <returns>其中一個 <see cref="T:System.ServiceProcess.ServiceType" /> 值，用來表示網路服務的類型。</returns>
      <exception cref="T:System.ComponentModel.Win32Exception">An error occurred when accessing a system API. </exception>
      <exception cref="T:System.InvalidOperationException">The service was not found.</exception>
      <PermissionSet>
        <IPermission class="System.ServiceProcess.ServiceControllerPermission, System.ServiceProcess, Version=2.0.3600.0, Culture=neutral, PublicKeyToken=b03f5f7f11d50a3a" version="1" Unrestricted="true" />
      </PermissionSet>
    </member>
    <member name="M:System.ServiceProcess.ServiceController.Start">
      <summary>啟動服務，不傳遞引數。</summary>
      <exception cref="T:System.ComponentModel.Win32Exception">An error occurred when accessing a system API. </exception>
      <exception cref="T:System.InvalidOperationException">The service was not found.</exception>
      <PermissionSet>
        <IPermission class="System.ServiceProcess.ServiceControllerPermission, System.ServiceProcess, Version=2.0.3600.0, Culture=neutral, PublicKeyToken=b03f5f7f11d50a3a" version="1" Unrestricted="true" />
      </PermissionSet>
    </member>
    <member name="M:System.ServiceProcess.ServiceController.Start(System.String[])">
      <summary>啟動服務，傳遞指定的引數。</summary>
      <param name="args">要在服務啟動時傳遞給它的引數陣列。</param>
      <exception cref="T:System.ComponentModel.Win32Exception">An error occurred when accessing a system API. </exception>
      <exception cref="T:System.InvalidOperationException">The service cannot be started. </exception>
      <exception cref="T:System.ArgumentNullException">
        <paramref name="args" /> is null.-or-A member of the array is null.</exception>
      <PermissionSet>
        <IPermission class="System.ServiceProcess.ServiceControllerPermission, System.ServiceProcess, Version=2.0.3600.0, Culture=neutral, PublicKeyToken=b03f5f7f11d50a3a" version="1" Unrestricted="true" />
      </PermissionSet>
    </member>
    <member name="P:System.ServiceProcess.ServiceController.Status">
      <summary>取得這個執行個體所參考之服務的狀態。</summary>
      <returns>其中一個 <see cref="T:System.ServiceProcess.ServiceControllerStatus" /> 值，表示該服務是否正在執行、已經停止或暫停，或者是否正在擱置啟動、停止、暫停或繼續命令。</returns>
      <exception cref="T:System.ComponentModel.Win32Exception">An error occurred when accessing a system API. </exception>
      <exception cref="T:System.InvalidOperationException">The service was not found.</exception>
      <PermissionSet>
        <IPermission class="System.ServiceProcess.ServiceControllerPermission, System.ServiceProcess, Version=2.0.3600.0, Culture=neutral, PublicKeyToken=b03f5f7f11d50a3a" version="1" Unrestricted="true" />
      </PermissionSet>
    </member>
    <member name="M:System.ServiceProcess.ServiceController.Stop">
      <summary>停止這項服務和依賴這項服務的任何服務。</summary>
      <exception cref="T:System.ComponentModel.Win32Exception">An error occurred when accessing a system API. </exception>
      <exception cref="T:System.InvalidOperationException">The service was not found. </exception>
      <PermissionSet>
        <IPermission class="System.ServiceProcess.ServiceControllerPermission, System.ServiceProcess, Version=2.0.3600.0, Culture=neutral, PublicKeyToken=b03f5f7f11d50a3a" version="1" Unrestricted="true" />
      </PermissionSet>
    </member>
    <member name="M:System.ServiceProcess.ServiceController.WaitForStatus(System.ServiceProcess.ServiceControllerStatus)">
      <summary>無限期等候服務到達指定的狀態。</summary>
      <param name="desiredStatus">要等候的狀態。</param>
      <exception cref="T:System.ComponentModel.InvalidEnumArgumentException">The <paramref name="desiredStatus" /> parameter is not any of the values defined in the <see cref="T:System.ServiceProcess.ServiceControllerStatus" /> enumeration. </exception>
      <PermissionSet>
        <IPermission class="System.ServiceProcess.ServiceControllerPermission, System.ServiceProcess, Version=2.0.3600.0, Culture=neutral, PublicKeyToken=b03f5f7f11d50a3a" version="1" Unrestricted="true" />
      </PermissionSet>
    </member>
    <member name="M:System.ServiceProcess.ServiceController.WaitForStatus(System.ServiceProcess.ServiceControllerStatus,System.TimeSpan)">
      <summary>等候服務到達指定的狀態或指定的逾時到期。</summary>
      <param name="desiredStatus">要等候的狀態。</param>
      <param name="timeout">
        <see cref="T:System.TimeSpan" /> 物件，其指定等候服務到達指定之狀態的時間長度。</param>
      <exception cref="T:System.ComponentModel.InvalidEnumArgumentException">The <paramref name="desiredStatus" /> parameter is not any of the values defined in the <see cref="T:System.ServiceProcess.ServiceControllerStatus" /> enumeration. </exception>
      <exception cref="T:System.ServiceProcess.TimeoutException">The value specified for the <paramref name="timeout" /> parameter expires. </exception>
      <PermissionSet>
        <IPermission class="System.ServiceProcess.ServiceControllerPermission, System.ServiceProcess, Version=2.0.3600.0, Culture=neutral, PublicKeyToken=b03f5f7f11d50a3a" version="1" Unrestricted="true" />
      </PermissionSet>
    </member>
    <member name="T:System.ServiceProcess.ServiceControllerStatus">
      <summary>指示服務的目前狀態。</summary>
    </member>
    <member name="F:System.ServiceProcess.ServiceControllerStatus.ContinuePending">
      <summary>服務繼續為暫止。這會對應到 Win32 SERVICE_CONTINUE_PENDING 常數 (此數定義為 0x00000005)。</summary>
    </member>
    <member name="F:System.ServiceProcess.ServiceControllerStatus.Paused">
      <summary>暫停服務。這會對應到 Win32 SERVICE_PAUSED 常數 (此數定義為 0x00000007)。</summary>
    </member>
    <member name="F:System.ServiceProcess.ServiceControllerStatus.PausePending">
      <summary>服務暫停為暫止。這會對應到 Win32 SERVICE_PAUSE_PENDING 常數 (此數定義為 0x00000006)。</summary>
    </member>
    <member name="F:System.ServiceProcess.ServiceControllerStatus.Running">
      <summary>服務正在執行。這會對應到 Win32 SERVICE_RUNNING 常數 (此數定義為 0x00000004)。</summary>
    </member>
    <member name="F:System.ServiceProcess.ServiceControllerStatus.StartPending">
      <summary>服務正在啟動。這會對應到 Win32 SERVICE_START_PENDING 常數 (此數定義為 0x00000002)。</summary>
    </member>
    <member name="F:System.ServiceProcess.ServiceControllerStatus.Stopped">
      <summary>沒有執行服務。這會對應到 Win32 SERVICE_STOPPED 常數 (此數定義為 0x00000001)。</summary>
    </member>
    <member name="F:System.ServiceProcess.ServiceControllerStatus.StopPending">
      <summary>服務正在停止。這會對應到 Win32 SERVICE_STOP_PENDING 常數 (此數定義為 0x00000003)。</summary>
    </member>
    <member name="T:System.ServiceProcess.ServiceStartMode">
      <summary>指示服務的啟動模式。</summary>
    </member>
    <member name="F:System.ServiceProcess.ServiceStartMode.Automatic">
      <summary>指示服務在系統啟動時由作業系統啟動 (或是已啟動)。如果自動啟動服務依賴手動啟動服務，則手動啟動服務也會自動在系統啟動時啟動。</summary>
    </member>
    <member name="F:System.ServiceProcess.ServiceStartMode.Disabled">
      <summary>指示服務已停用，所以不能由使用者或應用程式來啟動。</summary>
    </member>
    <member name="F:System.ServiceProcess.ServiceStartMode.Manual">
      <summary>指示服務只能由使用者 (使用服務控制管理員) 手動或由應用程式啟動。</summary>
    </member>
    <member name="T:System.ServiceProcess.ServiceType">
      <summary>表示服務的類型。</summary>
    </member>
    <member name="F:System.ServiceProcess.ServiceType.Adapter">
      <summary>需要本身驅動程式的硬體裝置服務。</summary>
    </member>
    <member name="F:System.ServiceProcess.ServiceType.FileSystemDriver">
      <summary>檔案系統驅動程式，也是核心 (Kernel) 裝置驅動程式。</summary>
    </member>
    <member name="F:System.ServiceProcess.ServiceType.InteractiveProcess">
      <summary>可以與桌面通訊的服務。</summary>
    </member>
    <member name="F:System.ServiceProcess.ServiceType.KernelDriver">
      <summary>核心裝置驅動程式，例如硬碟或其他低階硬體裝置驅動程式。</summary>
    </member>
    <member name="F:System.ServiceProcess.ServiceType.RecognizerDriver">
      <summary>在啟動時使用檔案系統驅動程式來判斷在系統上的檔案系統。</summary>
    </member>
    <member name="F:System.ServiceProcess.ServiceType.Win32OwnProcess">
      <summary>Win32 程式可以由服務控制站啟動且遵守服務控制通訊協定 (Protocol)。這種類型的 Win32 服務會自己在處理序 (Process) 中執行。</summary>
    </member>
    <member name="F:System.ServiceProcess.ServiceType.Win32ShareProcess">
      <summary>可以與其他 Win32 服務共用處理序的 Win32 服務。</summary>
    </member>
    <member name="T:System.ServiceProcess.TimeoutException">
      <summary>指定的逾時已經過期時所擲回的例外狀況。</summary>
    </member>
    <member name="M:System.ServiceProcess.TimeoutException.#ctor">
      <summary>不使用訊息文字，初始化 <see cref="T:System.ServiceProcess.TimeoutException" /> 類別的新執行個體。</summary>
    </member>
    <member name="M:System.ServiceProcess.TimeoutException.#ctor(System.String)">
      <summary>使用指定的訊息文字，初始化 <see cref="T:System.ServiceProcess.TimeoutException" /> 類別的新執行個體。</summary>
      <param name="message">文字，描述例外狀況的類型或來源。</param>
    </member>
    <member name="M:System.ServiceProcess.TimeoutException.#ctor(System.String,System.Exception)">
      <summary>使用指定的訊息文字和內部例外狀況，初始化 <see cref="T:System.ServiceProcess.TimeoutException" /> 類別的新執行個體。</summary>
      <param name="message">文字，描述例外狀況的類型或來源。</param>
      <param name="innerException">造成目前例外狀況的例外狀況。</param>
    </member>
  </members>
</doc>